Index,Onshore/Offshore
0,OFFSHORE
1,ONSHORE
2,OFFSHORE
3,ONSHORE
4,ONSHORE-OFFSHORE
5,ONSHORE
6,OFFSHORE
7,ONSHORE
8,ONSHORE
9,OFFSHORE
10,OFFSHORE
11,ONSHORE
12,OFFSHORE
13,ONSHORE
14,ONSHORE
15,ONSHORE
16,OFFSHORE
17,ONSHORE
18,ONSHORE
19,OFFSHORE
20,ONSHORE
21,ONSHORE
22,ONSHORE
23,OFFSHORE
24,OFFSHORE
25,ONSHORE
26,OFFSHORE
27,ONSHORE
28,OFFSHORE
29,ONSHORE
30,OFFSHORE
31,OFFSHORE
32,OFFSHORE
33,OFFSHORE
34,ONSHORE
35,ONSHORE
36,OFFSHORE
37,OFFSHORE
38,ONSHORE
39,OFFSHORE
40,ONSHORE
41,ONSHORE
42,OFFSHORE
43,ONSHORE
44,ONSHORE
45,OFFSHORE
46,OFFSHORE
47,ONSHORE
48,ONSHORE
49,OFFSHORE
50,ONSHORE
51,OFFSHORE
52,ONSHORE
53,OFFSHORE
54,OFFSHORE
55,OFFSHORE
56,ONSHORE
57,OFFSHORE
58,OFFSHORE
59,OFFSHORE
60,ONSHORE
61,ONSHORE
62,OFFSHORE
63,OFFSHORE
64,OFFSHORE
65,ONSHORE
66,OFFSHORE
67,OFFSHORE
68,OFFSHORE
69,ONSHORE
70,ONSHORE
71,ONSHORE
72,OFFSHORE
73,ONSHORE-OFFSHORE
74,ONSHORE-OFFSHORE
75,ONSHORE-OFFSHORE
76,ONSHORE-OFFSHORE
77,OFFSHORE
78,ONSHORE-OFFSHORE
79,ONSHORE-OFFSHORE
80,OFFSHORE
81,ONSHORE-OFFSHORE
82,ONSHORE-OFFSHORE
83,OFFSHORE
84,ONSHORE-OFFSHORE
85,OFFSHORE
86,ONSHORE-OFFSHORE
87,OFFSHORE
88,ONSHORE-OFFSHORE
89,ONSHORE-OFFSHORE
90,ONSHORE-OFFSHORE
91,OFFSHORE
92,ONSHORE-OFFSHORE
93,ONSHORE-OFFSHORE
94,ONSHORE-OFFSHORE
95,ONSHORE-OFFSHORE
96,ONSHORE-OFFSHORE
97,ONSHORE-OFFSHORE
98,ONSHORE-OFFSHORE
99,ONSHORE-OFFSHORE
100,ONSHORE-OFFSHORE
101,ONSHORE-OFFSHORE
102,ONSHORE-OFFSHORE
103,ONSHORE-OFFSHORE
104,OFFSHORE
105,OFFSHORE
106,OFFSHORE
107,ONSHORE-OFFSHORE
108,ONSHORE-OFFSHORE
109,OFFSHORE
110,ONSHORE-OFFSHORE
111,ONSHORE-OFFSHORE
112,ONSHORE-OFFSHORE
113,OFFSHORE
114,ONSHORE-OFFSHORE
115,ONSHORE-OFFSHORE
116,ONSHORE-OFFSHORE
117,OFFSHORE
118,ONSHORE-OFFSHORE
119,OFFSHORE
120,ONSHORE-OFFSHORE
121,OFFSHORE
122,ONSHORE-OFFSHORE
123,ONSHORE-OFFSHORE
124,ONSHORE-OFFSHORE
125,ONSHORE-OFFSHORE
126,OFFSHORE
127,OFFSHORE
128,ONSHORE-OFFSHORE
129,ONSHORE-OFFSHORE
130,ONSHORE-OFFSHORE
131,ONSHORE-OFFSHORE
132,ONSHORE-OFFSHORE
133,ONSHORE-OFFSHORE
134,ONSHORE-OFFSHORE
135,ONSHORE-OFFSHORE
136,OFFSHORE
137,ONSHORE-OFFSHORE
138,ONSHORE-OFFSHORE
139,OFFSHORE
140,ONSHORE-OFFSHORE
141,ONSHORE-OFFSHORE
142,OFFSHORE
143,ONSHORE-OFFSHORE
144,ONSHORE-OFFSHORE
145,OFFSHORE
146,OFFSHORE
147,ONSHORE-OFFSHORE
148,ONSHORE-OFFSHORE
149,OFFSHORE
150,ONSHORE-OFFSHORE
151,ONSHORE-OFFSHORE
152,ONSHORE-OFFSHORE
153,ONSHORE-OFFSHORE
154,ONSHORE-OFFSHORE
155,ONSHORE-OFFSHORE
156,ONSHORE-OFFSHORE
157,ONSHORE-OFFSHORE
158,OFFSHORE
159,ONSHORE-OFFSHORE
160,ONSHORE-OFFSHORE
161,ONSHORE-OFFSHORE
162,ONSHORE-OFFSHORE
163,ONSHORE-OFFSHORE
164,ONSHORE-OFFSHORE
165,ONSHORE-OFFSHORE
166,ONSHORE-OFFSHORE
167,OFFSHORE
168,ONSHORE-OFFSHORE
169,ONSHORE-OFFSHORE
170,ONSHORE-OFFSHORE
171,ONSHORE-OFFSHORE
172,ONSHORE-OFFSHORE
173,ONSHORE-OFFSHORE
174,ONSHORE-OFFSHORE
175,OFFSHORE
176,ONSHORE-OFFSHORE
177,ONSHORE-OFFSHORE
178,ONSHORE-OFFSHORE
179,ONSHORE-OFFSHORE
180,ONSHORE-OFFSHORE
181,ONSHORE-OFFSHORE
182,OFFSHORE
183,ONSHORE-OFFSHORE
184,ONSHORE-OFFSHORE
185,ONSHORE-OFFSHORE
186,OFFSHORE
187,ONSHORE-OFFSHORE
188,OFFSHORE
189,OFFSHORE
190,ONSHORE-OFFSHORE
191,ONSHORE-OFFSHORE
192,ONSHORE-OFFSHORE
193,ONSHORE-OFFSHORE
194,ONSHORE-OFFSHORE
195,ONSHORE-OFFSHORE
196,ONSHORE-OFFSHORE
197,ONSHORE-OFFSHORE
198,ONSHORE-OFFSHORE
199,ONSHORE-OFFSHORE
200,ONSHORE-OFFSHORE
201,ONSHORE-OFFSHORE
202,ONSHORE-OFFSHORE
203,ONSHORE-OFFSHORE
204,ONSHORE-OFFSHORE
205,ONSHORE-OFFSHORE
206,ONSHORE-OFFSHORE
207,ONSHORE-OFFSHORE
208,ONSHORE-OFFSHORE
209,ONSHORE-OFFSHORE
210,ONSHORE-OFFSHORE
211,ONSHORE-OFFSHORE
212,ONSHORE-OFFSHORE
213,ONSHORE-OFFSHORE
214,ONSHORE-OFFSHORE
215,ONSHORE-OFFSHORE
216,ONSHORE-OFFSHORE
217,ONSHORE-OFFSHORE
218,OFFSHORE
219,ONSHORE-OFFSHORE
220,OFFSHORE
221,ONSHORE-OFFSHORE
222,OFFSHORE
223,ONSHORE-OFFSHORE
224,ONSHORE-OFFSHORE
225,ONSHORE-OFFSHORE
226,ONSHORE-OFFSHORE
227,ONSHORE-OFFSHORE
228,ONSHORE-OFFSHORE
229,ONSHORE-OFFSHORE
230,ONSHORE-OFFSHORE
231,OFFSHORE
232,ONSHORE-OFFSHORE
233,ONSHORE-OFFSHORE
234,ONSHORE-OFFSHORE
235,ONSHORE-OFFSHORE
236,OFFSHORE
237,ONSHORE-OFFSHORE
238,ONSHORE-OFFSHORE
239,OFFSHORE
240,ONSHORE-OFFSHORE
241,ONSHORE-OFFSHORE
242,ONSHORE-OFFSHORE
243,ONSHORE-OFFSHORE
244,ONSHORE-OFFSHORE
245,ONSHORE-OFFSHORE
246,ONSHORE-OFFSHORE
247,ONSHORE-OFFSHORE
248,ONSHORE-OFFSHORE
249,OFFSHORE
250,OFFSHORE
251,ONSHORE-OFFSHORE
252,ONSHORE-OFFSHORE
253,ONSHORE-OFFSHORE
254,ONSHORE-OFFSHORE
255,ONSHORE-OFFSHORE
256,ONSHORE-OFFSHORE
257,ONSHORE-OFFSHORE
258,OFFSHORE
259,ONSHORE-OFFSHORE
260,ONSHORE-OFFSHORE
261,ONSHORE-OFFSHORE
262,ONSHORE-OFFSHORE
263,ONSHORE-OFFSHORE
264,OFFSHORE
265,ONSHORE-OFFSHORE
266,ONSHORE-OFFSHORE
267,ONSHORE-OFFSHORE
268,ONSHORE-OFFSHORE
269,ONSHORE-OFFSHORE
270,ONSHORE-OFFSHORE
271,ONSHORE-OFFSHORE
272,OFFSHORE
273,ONSHORE-OFFSHORE
274,OFFSHORE
275,ONSHORE-OFFSHORE
276,ONSHORE-OFFSHORE
277,OFFSHORE
